<?xml version="1.0" encoding="utf-8"?>
<extension version="3.2" type="plugin" group="jevents">
	<name>INCCIVI_PLG_NAME</name>
	<author>Steve Binkowski</author>
	<creationDate>October 2014</creationDate>
	<copyright>Copyright (C) 2014 Steve Binkowski. All rights reserved.</copyright>
	<license>GNU/GPLv3 http://www.gnu.org/licenses/gpl-3.0.html</license>
	<authorEmail>steve@binkcms.com</authorEmail>
	<version>1.0.0</version>
	<description>INCCIVI_PLG_DESCRIPTION</description>
	<files>
		<filename>index.html</filename>
		<filename plugin="includecivi">includecivi.php</filename>
		<filename>jicaleventrepeatcivi.php</filename>
		<folder>language</folder>
	</files>
  <languages folder="language">
     <language tag="en-GB">en-GB/en-GB.plg_jevents_includecivi.ini</language>
     <language tag="en-GB">en-GB/en-GB.plg_jevents_includecivi.sys.ini</language>
  </languages>
	<config>
		<fields name="params">
		  <fieldset name="Options">
		    <field name="catid" type="category"
		      default=""
		      size="10"
		      extension="com_jevents"
		      label="INCCIVI_PLG_OPTION_CATID_LABEL"
		      description="INCCIVI_PLG_OPTION_CATID_DESCRIPTION"
		      />
      </fieldset>
		</fields>
	</config>
</extension>
